Analysis project name,Test run of scraper using csv file formatted like the old one,,,,,,,,,,,,,,,,,,,,,,
Tab (if applicable),,,,,,,,,,,,,,,,,,,,,,,
Quip spreadsheet link (after https://quip-apple.com/),,,,,,,,,,,,,,,,,,,,,,,
Col to output data warnings (default after last provided),,,,,,,,,,,,,,,,,,,,,,,
Start row (default 2),,,,,,,,,,,,,,,,,,,,,,,
Date script ran,,,,,,,,,,,,,,,,,,,,,,,
Avg ticket runtime (sec),,,,,,,,,,,,,,,,,,,,,,,
Total runtime,,,,,,,,,,,,,,,,,,,,,,,
"Select the data needed from which pages and provide output col letters (if multiple use "","" same for multiple use ""/"", range use ""-"", input for custom logic may use row #)
For Version(s) with col format like this: [Version option]: [col] | [Version option]: [col]...",,,,,,,,,,,,,,,,,,,"Describe/provide function for data not directly scrapable (See Custom Logics tab for premades, any to be used provided as ""Function: _"" will show red and know inputs)",,,"Select IDs type and copy list (row #s also adjustable)
Make sure Plain Text format before export!",Add any other inputs needed along with IDs (in as many cols needed from here)
ToDo ticket page,0,col,Place Details tab,1,col,Versions tab,0,Version(s) with col,RAPs tab,0,col,Edits tab,0,col,Todos tab,0,col,,Custom logic,col,row,MUIDs,<col name>
Work Stream,,,POI header name,1,,Version options,,Original | Last_fancy_edited | Before_last_fancy_edited | Last_edited | Before_last_edited | Last_closed | PS_before | PS_after | ALL,State,,,Creator,,,Title,,,,,,2,194027988558282854,
QC Level,,,AOI,,,Version link,,,Problem Type,,,Date,,,Status,,,,,,3,194027988558282854,
Customer Problem Type,,,Branch,,,Version header - date,,,Client,,,Date - created on,,,Details - ID,,,,,,4,,
POI header name,,,Place ID,,,Version header - name,,,ID,,,Branch,,,Details - Status,,,,,,5,,
Carto Score,,,MUID,,,Version header - note,,,Assignee,,,Description - notes,,,Details - Title,,,,,,6,,
Attribute Icon - Significant,,,Encrypted MUID,,,Version,,,Created - date,,,Description - edit - status,,,Details - Ticket - ID,,,,,,7,,
Attribute Icon - Inside a Venue,,,Created,,,Feature Version,,,Created - name,,,Description - edit - description,,,Details - Ticket - FusionX link,,,,,,8,,
Attribute Icon - Claimed,,,Updated,,,Created,,,Completed - date,,,Description - edit - View link,,,Details - Ticket - PM2 link,,,,,,9,,
Attribute Icon - Reopened,,,Last Edited,,,Popularity,,,Completed - name,,,Description - edit - View - header,,,Details - Ticket - Bluegrass link,,,,,,10,,
Attribute Icon - Plasma AOI Ticket Filed,,,Popularity,,,Supercluster,,,Completed - Review link,,,Description - edit - View - JSON,,,Details - Categorization,,,,,,11,,
Attribute Icon - Coarse Location,,,Carto Score,,,Vendor Contributions - Name,,,View link,,,,,,Details - Age,,,,,,12,,
Attribute Icon - Recently Edited,,,HTT Score,,,Vendor Contributions - Vendor Place ID,,,Edit link,,,,,,Details - Corrections - name,,,,,,13,,
Source,,,Head/Torso/Tail,,,Vendor Contributions - Vendor,,,,,,,,,Details - Corrections - suggestion,,,,,,14,,
Attached POI link,,,Country Percentile,,,Vendor Contributions - Vendor Internal ID,,,,,,,,,Details - JSON - edits,,,,,,15,,
NBP - Edited,,,Supercluster,,,Vendor Contributions - Link Suggestion,,,,,,,,,Customer - Comment,,,,,,16,,
NBP - Edited - Link,,,Related,,,Vendor Contributions - Score,,,,,,,,,Customer - Date,,,,,,17,,
NBP - Unedited,,,Significant,,,Vendor Contributions - Partners,,,,,,,,,Customer - Photo,,,,,,18,,
NBP - Unedited - Link,,,High Profile,,,Brand - Country,,,,,,,,,Customer - Photo - link,,,,,,19,,
Ticket Todos - info,,,Locked,,,Brand,,,,,,,,,History - Most Recent?,,,,,,20,,
Ticket Todos - status,,,Clustering Model,,,Brand - Badge,,,,,,,,,History - Last Edit/Correction - Name,,,,,,21,,
Ticket Details - ID,,,Conflation Model,,,Brand - Badge - hover text,,,,,,,,,History - Last Edit/Correction - Date,,,,,,22,,
Ticket Details - Project,,,Scored Category,,,Name - Language code,,,,,,,,,History - Last Edit/Correction - Notes,,,,,,23,,
Ticket Details - State,,,Glance,,,Name - Name,,,,,,,,,History - Last Edit/Correction - Notes - URLs,,,,,,24,,
Ticket Details - Resolution,,,Vendor Contributions - Name,,,Name - Badge,,,,,,,,,History - Last Edit/Correction - Resolution,,,,,,25,,
Ticket Details - Assignee,,,Vendor Contributions - Vendor Place ID,,,Name - Badge - hover text,,,,,,,,,History - Last Editor - Name,,,,,,26,,
Ticket Details - Description,,,Vendor Contributions - Vendor,,,Place Claim,,,,,,,,,History - Last Editor - Date,,,,,,27,,
Ticket Details - Tag,,,Vendor Contributions - Vendor Internal ID,,,Place Claim - Badge,,,,,,,,,History - Last Editor - Notes,,,,,,28,,
Ticket Details - Repository,,,Vendor Contributions - Link Suggestion,,,Vendor Place Cascading,,,,,,,,,History - Last Editor - Notes - URLs,,,,,,29,,
Ticket Details - JSON,,,Vendor Contributions - Score,,,Vendor Place Cascading - Badge,,,,,,,,,History - Last Editor - Resolution,,,,,,30,,
Ticket History - Last Editor Handle Time,,,Vendor Contributions - Partners,,,Delegation,,,,,,,,,History - Last Escalation - Name,,,,,,31,,
Ticket History - anything else?,,,Brand - Country,,,Delegation - Badge,,,,,,,,,History - Last Escalation- Date,,,,,,32,,
Ticket Sampling - Level,,,Brand,,,Containment Display Name,,,,,,,,,History - Last Escalation - Notes,,,,,,33,,
Ticket Sampling - Date,,,Brand - Badge,,,Containment Display Name - Badge,,,,,,,,,History - Last Escalation - Notes - URLs,,,,,,34,,
Ticket Sampling - info,,,Brand - Badge - hover text,,,Curated Containment String,,,,,,,,,History - Last Escalation - Resolution,,,,,,35,,
Details - ID,,,Name - Language code,,,Curated Containment String - Badge,,,,,,,,,History - Last L1 QC - Name,,,,,,36,,
Details - Status,,,Name - Name,,,Placecard Message,,,,,,,,,History - Last L1 QC - Date,,,,,,37,,
Details - Title,,,Name - Badge,,,Placecard Message - Badge,,,,,,,,,History - Last L1 QC - Notes,,,,,,38,,
Details - Ticket - ID,,,Name - Badge - hover text,,,URL - Type,,,,,,,,,History - Last L1 QC - Notes - URLs,,,,,,39,,
Details - Ticket - FusionX link,,,Place Claim,,,URL - URL,,,,,,,,,History - Last L1 QC - Resolution,,,,,,40,,
Details - Ticket - PM2 link,,,Place Claim - Badge,,,URL - Badge,,,,,,,,,History - Last L1 QC - Markings,,,,,,41,,
Details - Ticket - Bluegrass link,,,Vendor Place Cascading,,,URL - Badge - hover text,,,,,,,,,History - Last L2 QC - Name,,,,,,42,,
Details - Categorization,,,Vendor Place Cascading - Badge,,,Phone - Type,,,,,,,,,History - Last L2 QC - Date,,,,,,43,,
Details - Age,,,Delegation,,,Phone - Number,,,,,,,,,History - Last L2 QC - Notes,,,,,,44,,
Details - Client,,,Delegation - Badge,,,Phone - Badge,,,,,,,,,History - Last L2 QC - Notes - URLs,,,,,,45,,
Details - Place,,,Containment Display Name,,,Phone - Badge - hover text,,,,,,,,,History - Last L2 QC - Resolution,,,,,,46,,
Details - Country,,,Containment Display Name - Badge,,,Show In Client - Type,,,,,,,,,History - Last L2 QC - Markings,,,,,,47,,
Details - Feature Reference,,,Curated Containment String,,,Show In Client - Status,,,,,,,,,History - Last L3 QC - Name,,,,,,48,,
Details - Corrections - name,,,Curated Containment String - Badge,,,Show In Client - Date,,,,,,,,,History - Last L3 QC - Date,,,,,,49,,
Details - Corrections - suggestion,,,Placecard Message,,,Show In Client - Badge,,,,,,,,,History - Last L3 QC - Notes,,,,,,50,,
Details - JSON - edits,,,Placecard Message - Badge,,,Show In Client - Badge - hover text,,,,,,,,,History - Last L3 QC - Notes - URLs,,,,,,51,,
Customer - Comment,,,URL - Type,,,Blessed,,,,,,,,,History - Last L3 QC - Resolution,,,,,,52,,
Customer - Date,,,URL - URL,,,Blessed - Badge,,,,,,,,,History - Last L3 QC - Markings,,,,,,53,,
Customer - Photo,,,URL - Badge,,,Virtual,,,,,,,,,History - Assigned Date,,,,,,54,,
Customer - Photo - link,,,URL - Badge - hover text,,,Virtual - Badge,,,,,,,,,History - Created Date,,,,,,55,,
History - Most Recent?,,,Phone - Type,,,Disputed Territory,,,,,,,,,QC - Errors,,,,,,56,,
History - Last Edit/Correction - Name,,,Phone - Number,,,Disputed Territory - Badge,,,,,,,,,Sampling - Level,,,,,,57,,
History - Last Edit/Correction - Date,,,Phone - Badge,,,China Suppressed,,,,,,,,,Sampling - Date,,,,,,58,,
History - Last Edit/Correction - Notes,,,Phone - Badge - hover text,,,China Suppressed - Badge,,,,,,,,,Sampling - Ticket,,,,,,59,,
History - Last Edit/Correction - Notes - URLs,,,Show In Client - Type,,,Tier One Feature,,,,,,,,,Sampling - Sample Config,,,,,,60,,
History - Last Edit/Correction - Resolution,,,Show In Client - Status,,,Tier One Feature - Badge,,,,,,,,,Sampling - Sample Run,,,,,,61,,
History - Last Editor - Name,,,Show In Client - Date,,,Geocode - Type,,,,,,,,,,,,,,,62,,
History - Last Editor - Date,,,Show In Client - Badge,,,Geocode,,,,,,,,,,,,,,,63,,
History - Last Editor - Notes,,,Show In Client - Badge - hover text,,,Geocode - Badge,,,,,,,,,,,,,,,64,,
History - Last Editor - Notes - URLs,,,Blessed,,,Geocode - Badge - hover text,,,,,,,,,,,,,,,65,,
History - Last Editor - Resolution,,,Blessed - Badge,,,Enhanced Placement - Source,,,,,,,,,,,,,,,66,,
History - Last Escalation - Name,,,Virtual,,,Enhanced Placement - Location,,,,,,,,,,,,,,,67,,
History - Last Escalation- Date,,,Virtual - Badge,,,Enhanced Placement - Aziumuth,,,,,,,,,,,,,,,68,,
History - Last Escalation - Notes,,,Disputed Territory,,,Enhanced Placement - Neutron Building ID,,,,,,,,,,,,,,,69,,
History - Last Escalation - Notes - URLs,,,Disputed Territory - Badge,,,Enhanced Placement - Neutron Building Area,,,,,,,,,,,,,,,70,,
History - Last Escalation - Resolution,,,China Suppressed,,,Enhanced Placement - Badge,,,,,,,,,,,,,,,71,,
History - Last L1 QC - Name,,,China Suppressed - Badge,,,Clustering Geocode,,,,,,,,,,,,,,,72,,
History - Last L1 QC - Date,,,Tier One Feature,,,Clustering Geocode - Badge,,,,,,,,,,,,,,,73,,
History - Last L1 QC - Notes,,,Tier One Feature - Badge,,,Questionnaire,,,,,,,,,,,,,,,74,,
History - Last L1 QC - Notes - URLs,,,Geocode - Type,,,Questionnaire - Badge,,,,,,,,,,,,,,,75,,
History - Last L1 QC - Resolution,,,Geocode,,,Apple Rich Data Override,,,,,,,,,,,,,,,76,,
History - Last L1 QC - Markings,,,Geocode - Badge,,,Apple Rich Data Override - Badge,,,,,,,,,,,,,,,77,,
History - Last L2 QC - Name,,,Geocode - Badge - hover text,,,Curated POI Parents,,,,,,,,,,,,,,,78,,
History - Last L2 QC - Date,,,Enhanced Placement - Source,,,Curated POI Parents - Badge,,,,,,,,,,,,,,,79,,
History - Last L2 QC - Notes,,,Enhanced Placement - Location,,,Computed POI Parents,,,,,,,,,,,,,,,80,,
History - Last L2 QC - Notes - URLs,,,Enhanced Placement - Aziumuth,,,Computed POI Parents - Badge,,,,,,,,,,,,,,,81,,
History - Last L2 QC - Resolution,,,Enhanced Placement - Neutron Building ID,,,Curated Spatial Parents,,,,,,,,,,,,,,,82,,
History - Last L2 QC - Markings,,,Enhanced Placement - Neutron Building Area,,,Curated Spatial Parents - Badge,,,,,,,,,,,,,,,83,,
History - Last L3 QC - Name,,,Enhanced Placement - Badge,,,Computed Spatial Parents,,,,,,,,,,,,,,,84,,
History - Last L3 QC - Date,,,Clustering Geocode,,,Computed Spatial Parents - Badge,,,,,,,,,,,,,,,85,,
History - Last L3 QC - Notes,,,Clustering Geocode - Badge,,,Curated Spatial Parents Only,,,,,,,,,,,,,,,86,,
History - Last L3 QC - Notes - URLs,,,Questionnaire,,,Curated Spatial Parents Only - Badge,,,,,,,,,,,,,,,87,,
History - Last L3 QC - Resolution,,,Questionnaire - Badge,,,Category - Name,,,,,,,,,,,,,,,88,,
History - Last L3 QC - Markings,,,Apple Rich Data Override,,,Category - Path,,,,,,,,,,,,,,,89,,
History - Assigned Date,,,Apple Rich Data Override - Badge,,,Category - Badge,,,,,,,,,,,,,,,90,,
History - Created Date,,,Curated POI Parents,,,Modern Category - Name,,,,,,,,,,,,,,,91,,
QC - Errors,,,Curated POI Parents - Badge,,,Modern Category - Path,,,,,,,,,,,,,,,92,,
Sampling - Level,,,Computed POI Parents,,,Modern Category - Badge,,,,,,,,,,,,,,,93,,
Sampling - Date,,,Computed POI Parents - Badge,,,Address - Language Code,,,,,,,,,,,,,,,94,,
Sampling - Ticket,,,Curated Spatial Parents,,,Address - Formatted Address,,,,,,,,,,,,,,,95,,
Sampling - Sample Config,,,Curated Spatial Parents - Badge,,,Address - Country,,,,,,,,,,,,,,,96,,
Sampling - Sample Run,,,Computed Spatial Parents,,,Address - Badge,,,,,,,,,,,,,,,97,,
SLA - Expected Completion Time,,,Computed Spatial Parents - Badge,,,Address - Badge - hover text,,,,,,,,,,,,,,,98,,
Corrections col - Editing Status Info,,,Curated Spatial Parents Only,,,Copy Container Address,,,,,,,,,,,,,,,99,,
Corrections col - Closures - Status,,,Curated Spatial Parents Only - Badge,,,Copy Container Address - Badge,,,,,,,,,,,,,,,100,,
Corrections col - Closures - Period,,,Category - Name,,,Curated Containing Features,,,,,,,,,,,,,,,101,,
Corrections col - Brand - Country,,,Category - Path,,,Curated Containing Features - Badge,,,,,,,,,,,,,,,102,,
Corrections col - Brand - Name,,,Category - Badge,,,Imported Containing Features,,,,,,,,,,,,,,,103,,
Corrections col - Brand - Link,,,Modern Category - Name,,,Curated Location Feature,,,,,,,,,,,,,,,104,,
Corrections col - Name - Type,,,Modern Category - Path,,,Curated Location Feature - Badge,,,,,,,,,,,,,,,105,,
Corrections col - Name - Name,,,Modern Category - Badge,,,Imported Location Feature,,,,,,,,,,,,,,,106,,
Corrections col - Name - Language,,,Modern Category - Badge - hover text,,,Access Point - Type,,,,,,,,,,,,,,,107,,
Corrections col - URL - Type,,,Address - Language Code,,,Access Point - Location,,,,,,,,,,,,,,,108,,
Corrections col - URL - URL,,,Address - Formatted Address,,,Access Point - Source,,,,,,,,,,,,,,,109,,
Corrections col - URL - Rank,,,Address - Country,,,Access Point - Provider,,,,,,,,,,,,,,,110,,
Corrections col - Address - Rank,,,Address - Badge,,,Access Point - Badge,,,,,,,,,,,,,,,111,,
Corrections col - Address - Locale,,,Address - Badge - hover text,,,Access Point - Badge - hover text,,,,,,,,,,,,,,,112,,
Corrections col - Address - Raw Address,,,Copy Container Address,,,Map Region,,,,,,,,,,,,,,,113,,
Corrections col - Address - Address Component - Full Thoroughfare,,,Copy Container Address - Badge,,,Map Region - Badge,,,,,,,,,,,,,,,114,,
Corrections col - Address - Address Component - Thoroughfare,,,Curated Containing Features,,,Map Region - Badge - hover text,,,,,,,,,,,,,,,115,,
Corrections col - Address - Address Component - Sub Thoroughfare,,,Curated Containing Features - Badge,,,Display Map Region,,,,,,,,,,,,,,,116,,
Corrections col - Address - Address Component - Locality,,,Imported Containing Features,,,Display Map Region - Badge,,,,,,,,,,,,,,,117,,
Corrections col - Address - Address Component - Sub Locality,,,Curated Location Feature,,,Display Map Region - Badge - hover text,,,,,,,,,,,,,,,118,,
Corrections col - Address - Address Component - Dependent Locality,,,Curated Location Feature - Badge,,,Hours - Period,,,,,,,,,,,,,,,119,,
Corrections col - Address - Address Component - Administrative Area,,,Imported Location Feature,,,Hours - Hours,,,,,,,,,,,,,,,120,,
Corrections col - Address - Address Component - Administrative Area - Abbreviation,,,Access Point - Type,,,Hours - Badge,,,,,,,,,,,,,,,121,,
Corrections col - Address - Address Component - Sub Administrative Area,,,Access Point - Location,,,Hours - Badge - hover text,,,,,,,,,,,,,,,122,,
Corrections col - Address - Address Component - Post Code,,,Access Point - Source,,,General Hours Suppression Override,,,,,,,,,,,,,,,123,,
Corrections col - Address - Address Component - Post Code Extension,,,Access Point - Provider,,,General Hours Suppression Override - Badge,,,,,,,,,,,,,,,124,,
Corrections col - Address - Address Component - Premise,,,Access Point - Badge,,,Special Hours - Period,,,,,,,,,,,,,,,125,,
Corrections col - Address - Address Component - Sub Premise - Type,,,Access Point - Badge - hover text,,,Special Hours - Hours,,,,,,,,,,,,,,,126,,
Corrections col - Address - Address Component - Sub Premise - Unit,,,Map Region,,,Special Hours - Badge,,,,,,,,,,,,,,,127,,
Corrections col - Address - Address Component - Country,,,Map Region - Badge,,,Special Hours - Badge - hover text,,,,,,,,,,,,,,,128,,
Corrections col - Address - Address Component - Country - Abbreviation,,,Map Region - Badge - hover text,,,Curated Service Details,,,,,,,,,,,,,,,129,,
Corrections col - Address - Address Component - Area Of Interest,,,Display Map Region,,,Curated Service Details - Badge,,,,,,,,,,,,,,,130,,
Corrections col - Address - Address Component - Inland Water,,,Display Map Region - Badge,,,Generated Service Details,,,,,,,,,,,,,,,131,,
Corrections col - Address - Address Component - Ocean Or Ocean Connected Water,,,Display Map Region - Badge - hover text,,,Generated Service Details - Badge,,,,,,,,,,,,,,,132,,
Corrections col - Address - Formatted Address - Language,,,Hours - Period,,,Timezone,,,,,,,,,,,,,,,133,,
Corrections col - Address - Formatted Address - Size,,,Hours - Hours,,,Timezone - Badge,,,,,,,,,,,,,,,134,,
Corrections col - Address - Formatted Address - phonemes,,,Hours - Badge,,,Flyover Tour ID,,,,,,,,,,,,,,,135,,
Corrections col - Address - Formatted Address - language,,,Hours - Badge - hover text,,,Flyover Tour ID - Badge,,,,,,,,,,,,,,,136,,
Corrections col - Address - Formatted Address - Pronunciation Encoding,,,General Hours Suppression Override,,,Neutron Feature Id,,,,,,,,,,,,,,,137,,
Corrections col - Geocode,,,General Hours Suppression Override - Badge,,,Neutron Feature Id - Badge,,,,,,,,,,,,,,,138,,
Corrections col - Access Points - Type,,,Special Hours - Period,,,POI Icon Type,,,,,,,,,,,,,,,139,,
Corrections col - Access Points - Location,,,Special Hours - Hours,,,POI Icon Type - Badge,,,,,,,,,,,,,,,140,,
Corrections col - Address Feature,,,Special Hours - Badge,,,Icon Custom ID,,,,,,,,,,,,,,,141,,
Corrections col - Timezone,,,Special Hours - Badge - hover text,,,Icon Custom ID - Badge,,,,,,,,,,,,,,,142,,
Corrections col - Country Code,,,Curated Service Details,,,AOI Style,,,,,,,,,,,,,,,143,,
Corrections col - Display Bounding Box - Min,,,Curated Service Details - Badge,,,AOI Style - Badge,,,,,,,,,,,,,,,144,,
Corrections col - Display Bounding Box - Max,,,Generated Service Details,,,POI Class,,,,,,,,,,,,,,,145,,
Corrections col - Arrival Bounding Box - Min,,,Generated Service Details - Badge,,,POI Class - Badge,,,,,,,,,,,,,,,146,,
Corrections col - Arrival Bounding Box - Max,,,Timezone,,,POI Icon Suppressed,,,,,,,,,,,,,,,147,,
Corrections col - Bounding Box - Min,,,Timezone - Badge,,,POI Icon Suppressed - Badge,,,,,,,,,,,,,,,148,,
Corrections col - Bounding Box - Max,,,Flyover Tour ID,,,POI Icon Suppressed - Badge - hover text,,,,,,,,,,,,,,,149,,
Corrections col - Phone - Type,,,Flyover Tour ID - Badge,,,POI Icon Suppressed (MM),,,,,,,,,,,,,,,150,,
Corrections col - Phone - Number,,,Neutron Feature Id,,,POI Icon Suppressed (MM) - Badge,,,,,,,,,,,,,,,151,,
Corrections col - All-Year-Round Hours - Description,,,Neutron Feature Id - Badge,,,POI Class Min Zoom,,,,,,,,,,,,,,,152,,
Corrections col - All-Year-Round Hours - Period,,,POI Icon Type,,,POI Class Min Zoom - Badge,,,,,,,,,,,,,,,153,,
Corrections col - All-Year-Round Hours - Presence Type,,,POI Icon Type - Badge,,,POI Class Max Zoom,,,,,,,,,,,,,,,154,,
Corrections col - All-Year-Round Hours - Hours,,,Icon Custom ID,,,POI Class Max Zoom - Badge,,,,,,,,,,,,,,,155,,
Corrections col - Hours Suppression Override,,,Icon Custom ID - Badge,,,Icon Min Zoom,,,,,,,,,,,,,,,156,,
Corrections col - Special Hours - Description,,,AOI Style,,,Icon Min Zoom - Badge,,,,,,,,,,,,,,,157,,
Corrections col - Special Hours - Period,,,AOI Style - Badge,,,Icon Max Zoom,,,,,,,,,,,,,,,158,,
Corrections col - Special Hours - Presence Type,,,POI Class,,,Icon Max Zoom - Badge,,,,,,,,,,,,,,,159,,
Corrections col - Special Hours - Hours,,,POI Class - Badge,,,Carto Significance,,,,,,,,,,,,,,,160,,
Corrections col - Category - Name,,,POI Icon Suppressed,,,Carto Significance - Badge,,,,,,,,,,,,,,,161,,
Corrections col - Category - Path,,,POI Icon Suppressed - Badge,,,Carto Label,,,,,,,,,,,,,,,162,,
Corrections col - Optional Category - Name,,,POI Icon Suppressed - Badge - hover text,,,Carto Label - Badge,,,,,,,,,,,,,,,163,,
Corrections col - Optional Category - Path,,,POI Icon Suppressed (MM),,,Low Confidence Data,,,,,,,,,,,,,,,164,,
Corrections col - Modern Category - Name,,,POI Icon Suppressed (MM) - Badge,,,Low Confidence Data - Badge,,,,,,,,,,,,,,,165,,
Corrections col - Modern Category - Path,,,POI Class Min Zoom,,,Search Suppressed,,,,,,,,,,,,,,,166,,
Corrections col - Optional Modern Category - Name,,,POI Class Min Zoom - Badge,,,Search Suppressed - Badge,,,,,,,,,,,,,,,167,,
Corrections col - Optional Modern Category - Path,,,POI Class Max Zoom,,,Search Suppressed - Badge - hover text,,,,,,,,,,,,,,,168,,
Corrections col - Included Parent,,,POI Class Max Zoom - Badge,,,Suppressed EveryWhere,,,,,,,,,,,,,,,169,,
Corrections col - Excluded Parent,,,Icon Min Zoom,,,Suppressed EveryWhere - Badge,,,,,,,,,,,,,,,170,,
Corrections col - Good-to-know Tag - Name,,,Icon Min Zoom - Badge,,,Associated App,,,,,,,,,,,,,,,171,,
Corrections col - Good-to-know Tag - Path,,,Icon Max Zoom,,,Associated App - Badge,,,,,,,,,,,,,,,172,,
Corrections col - Good-to-know Value - Name,,,Icon Max Zoom - Badge,,,Servicing Brand,,,,,,,,,,,,,,,173,,
Corrections col - Good-to-know Value - Path,,,Carto Significance,,,Servicing Brand - Badge,,,,,,,,,,,,,,,174,,
Corrections col - Associated App,,,Carto Significance - Badge,,,Vendor Geometry,,,,,,,,,,,,,,,175,,
Corrections col - Ev Charging Site,,,Carto Label,,,Vendor Geometry - Badge,,,,,,,,,,,,,,,176,,
Corrections col - Content Ownership,,,Carto Label - Badge,,,Venue Geometry,,,,,,,,,,,,,,,177,,
Corrections col - Is Virtual,,,Low Confidence Data,,,Venue Geometry - Badge,,,,,,,,,,,,,,,178,,
Corrections col - Flyover Tour ID,,,Low Confidence Data - Badge,,,Containment Geometry,,,,,,,,,,,,,,,179,,
Corrections col - Fixed Location,,,Search Suppressed,,,Containment Geometry - Badge,,,,,,,,,,,,,,,180,,
Corrections col - Placecard Message,,,Search Suppressed - Badge,,,Message Profile,,,,,,,,,,,,,,,181,,
Corrections col - Special Message,,,Search Suppressed - Badge hover text,,,Message Profile - Badge,,,,,,,,,,,,,,,182,,
Corrections col - Suppressed Placecard Message Type,,,Suppressed EveryWhere,,,Logo,,,,,,,,,,,,,,,183,,
Corrections col - Search Keyword,,,Suppressed EveryWhere - Badge,,,Logo - Badge,,,,,,,,,,,,,,,184,,
Corrections col - Icon Min Zoom,,,Associated App,,,Cover Photo,,,,,,,,,,,,,,,185,,
Corrections col - Icon Max Zoom,,,Associated App - Badge,,,Cover Photo - Badge,,,,,,,,,,,,,,,186,,
Corrections col - Place Class,,,Servicing Brand,,,Indoor,,,,,,,,,,,,,,,187,,
Corrections col - POI Class Icon Min Zoom,,,Servicing Brand - Badge,,,Indoor - Badge,,,,,,,,,,,,,,,188,,
Corrections col - POI Class Icon Max Zoom,,,Vendor Geometry,,,Indoor Visibility,,,,,,,,,,,,,,,189,,
Corrections col - Show Tint Band,,,Vendor Geometry - Badge,,,Indoor Visibility - Badge,,,,,,,,,,,,,,,190,,
Corrections col - Tint Band Audience Visibility,,,Venue Geometry,,,Curated Keyword,,,,,,,,,,,,,,,191,,
Corrections col - Is Suppressed,,,Venue Geometry - Badge,,,Generated Keyword,,,,,,,,,,,,,,,192,,
Corrections col - Locale List Use,,,Containment Geometry,,,Generated Containment Keyword,,,,,,,,,,,,,,,193,,
Corrections col - Preferred Containing Feature,,,Containment Geometry - Badge,,,Amenity,,,,,,,,,,,,,,,194,,
Corrections col - Preferred Containing Feature,,,Message Profile,,,Amenity - Badge,,,,,,,,,,,,,,,195,,
Corrections col - Is Active,,,Message Profile - Badge,,,Structured Attribute,,,,,,,,,,,,,,,196,,
Corrections col - Conflation Status,,,Logo,,,Dynamic Module,,,,,,,,,,,,,,,197,,
Corrections col - Vendor Contributions,,,Logo - Badge,,,Dynamic Module - Badge,,,,,,,,,,,,,,,198,,
Corrections col - Standard Icon ID,,,Cover Photo,,,Quick Link Action,,,,,,,,,,,,,,,199,,
Corrections col - Standard Icon ID Override,,,Cover Photo - Badge,,,Quick Link Action - Badge,,,,,,,,,,,,,,,200,,
Corrections col - Custom 2d Icon ID,,,Indoor,,,App Clip Action,,,,,,,,,,,,,,,201,,
Corrections col - Logo Reference,,,Indoor - Badge,,,App Clip Action - Badge,,,,,,,,,,,,,,,202,,
Corrections col - Importance Flags,,,Indoor Visibility,,,Primary Action,,,,,,,,,,,,,,,203,,
Corrections col - Special Functionality Override,,,Indoor Visibility - Badge,,,Primary Action - Badge,,,,,,,,,,,,,,,204,,
Corrections col - Significance,,,Curated Keyword,,,Business Advisories,,,,,,,,,,,,,,,205,,
Corrections col - Significance Source,,,Generated Keyword,,,Business Advisories - Badge,,,,,,,,,,,,,,,206,,
Corrections col - Indoor Audience Visibility,,,Generated Containment Keyword,,,Business Owner,,,,,,,,,,,,,,,207,,
Corrections col - Indoor Attributes,,,Amenity,,,Business Owner - Badge,,,,,,,,,,,,,,,208,,
Corrections col - Action Link,,,Amenity - Badge,,,Business Attribute,,,,,,,,,,,,,,,209,,
Original col - Proposed Changes ONLY,,,Structured Attribute,,,Business Attribute - Badge,,,,,,,,,,,,,,,210,,
Original col - Editing Status Info,,,Dynamic Module,,,Unit Facts,,,,,,,,,,,,,,,211,,
Original col - Closures - Status,,,Dynamic Module - Badge,,,Unit Facts - Badge,,,,,,,,,,,,,,,212,,
Original col - Closures - Period,,,Quick Link Action,,,Alternate MUIDs,,,,,,,,,,,,,,,213,,
Original col - Brand - Country,,,Quick Link Action - Badge,,,Alternate MUIDs - Badge,,,,,,,,,,,,,,,214,,
Original col - Brand - Name,,,App Clip Action,,,RP Identifier,,,,,,,,,,,,,,,215,,
Original col - Brand - Link,,,App Clip Action - Badge,,,RP Identifier - Badge,,,,,,,,,,,,,,,216,,
Original col - Name - Type,,,Primary Action,,,Is Unclaimable,,,,,,,,,,,,,,,217,,
Original col - Name - Name,,,Primary Action - Badge,,,Is Unclaimable - Badge,,,,,,,,,,,,,,,218,,
Original col - Name - Language,,,Business Advisories,,,Associated Trail,,,,,,,,,,,,,,,219,,
Original col - URL - Type,,,Business Advisories - Badge,,,Associated Trail - Badge,,,,,,,,,,,,,,,220,,
Original col - URL - URL,,,Business Owner,,,Associated Tour,,,,,,,,,,,,,,,221,,
Original col - URL - Rank,,,Business Owner - Badge,,,Associated Tour - Badge,,,,,,,,,,,,,,,222,,
Original col - Address - Rank,,,Business Attribute,,,Related From by Aggregation,,,,,,,,,,,,,,,223,,
Original col - Address - Locale,,,Business Attribute - Badge,,,Related From by Aggregation - Badge,,,,,,,,,,,,,,,224,,
Original col - Address - Raw Address,,,Unit Facts,,,Related Place,,,,,,,,,,,,,,,225,,
Original col - Address - Address Component - Full Thoroughfare,,,Unit Facts - Badge,,,Related Place - Badge,,,,,,,,,,,,,,,226,,
Original col - Address - Address Component - Thoroughfare,,,Alternate MUIDs,,,Related From,,,,,,,,,,,,,,,227,,
Original col - Address - Address Component - Sub Thoroughfare,,,Alternate MUIDs - Badge,,,Related From - Badge,,,,,,,,,,,,,,,228,,
Original col - Address - Address Component - Locality,,,RP Identifier,,,Overlapping Feature,,,,,,,,,,,,,,,229,,
Original col - Address - Address Component - Sub Locality,,,RP Identifier - Badge,,,Overlapping Feature - Badge,,,,,,,,,,,,,,,230,,
Original col - Address - Address Component - Dependent Locality,,,Is Unclaimable,,,Aggregated Related Place,,,,,,,,,,,,,,,231,,
Original col - Address - Address Component - Administrative Area,,,Is Unclaimable - Badge,,,Aggregated Related Place - Badge,,,,,,,,,,,,,,,232,,
Original col - Address - Address Component - Administrative Area - Abbreviation,,,Associated Trail,,,Primary For Building Mesh,,,,,,,,,,,,,,,233,,
Original col - Address - Address Component - Sub Administrative Area,,,Associated Trail - Badge,,,Primary For Building Mesh - Badge,,,,,,,,,,,,,,,234,,
Original col - Address - Address Component - Post Code,,,Associated Tour,,,Tint Band Override,,,,,,,,,,,,,,,235,,
Original col - Address - Address Component - Post Code Extension,,,Associated Tour - Badge,,,Tint Band Override - Badge,,,,,,,,,,,,,,,236,,
Original col - Address - Address Component - Premise,,,Related From by Aggregation,,,Indigenous Lands Acknowledgement,,,,,,,,,,,,,,,237,,
Original col - Address - Address Component - Sub Premise - Type,,,Related From by Aggregation - Badge,,,Indigenous Lands Acknowledgement - Badge,,,,,,,,,,,,,,,238,,
Original col - Address - Address Component - Sub Premise - Unit,,,Related Place,,,Service Area,,,,,,,,,,,,,,,239,,
Original col - Address - Address Component - Country,,,Related Place - Badge,,,Service Area - Badge,,,,,,,,,,,,,,,240,,
Original col - Address - Address Component - Country - Abbreviation,,,Related From,,,Internal JSON,,,,,,,,,,,,,,,241,,
Original col - Address - Address Component - Area Of Interest,,,Related From - Badge,,,GLOV JSON,,,,,,,,,,,,,,,242,,
Original col - Address - Address Component - Inland Water,,,Overlapping Feature,,,Babel JSON,,,,,,,,,,,,,,,243,,
Original col - Address - Address Component - Ocean Or Ocean Connected Water,,,Overlapping Feature - Badge,,,SummaryData JSON,,,,,,,,,,,,,,,244,,
Original col - Address - Formatted Address - Language,,,Aggregated Related Place,,,Beams Notification JSON,,,,,,,,,,,,,,,245,,
Original col - Address - Formatted Address - Size,,,Aggregated Related Place - Badge,,,NDM JSON,,,,,,,,,,,,,,,246,,
Original col - Address - Formatted Address - phonemes,,,Primary For Building Mesh,,,VP Versions,,,,,,,,,,,,,,,247,,
Original col - Address - Formatted Address - language,,,Primary For Building Mesh - Badge,,,Version header - date,,,,,,,,,,,,,,,248,,
Original col - Address - Formatted Address - Pronunciation Encoding,,,Tint Band Override,,,Version header - ID,,,,,,,,,,,,,,,249,,
Original col - Geocode,,,Tint Band Override - Badge,,,Version header - link,,,,,,,,,,,,,,,250,,
Original col - Access Points - Type,,,Indigenous Lands Acknowledgement,,,Version header - note,,,,,,,,,,,,,,,251,,
Original col - Access Points - Location,,,Indigenous Lands Acknowledgement - Badge,,,vip id,,,,,,,,,,,,,,,252,,
Original col - Address Feature,,,Service Area,,,created,,,,,,,,,,,,,,,253,,
Original col - Timezone,,,Service Area - Badge,,,creator,,,,,,,,,,,,,,,254,,
Original col - Country Code,,,Internal JSON,,,ignored,,,,,,,,,,,,,,,255,,
Original col - Display Bounding Box - Min,,,GLOV JSON,,,brand - Badge,,,,,,,,,,,,,,,256,,
Original col - Display Bounding Box - Max,,,Babel JSON,,,brand - Badge - hover text,,,,,,,,,,,,,,,257,,
Original col - Arrival Bounding Box - Min,,,SummaryData JSON,,,brand - Name,,,,,,,,,,,,,,,258,,
Original col - Arrival Bounding Box - Max,,,Beams Notification JSON,,,brand,,,,,,,,,,,,,,,259,,
Original col - Bounding Box - Min,,,NDM JSON,,,name - Badge,,,,,,,,,,,,,,,260,,
Original col - Bounding Box - Max,,,VP Details,,,name - Badge - hover text,,,,,,,,,,,,,,,261,,
Original col - Phone - Type,,,Active Conflated Place,,,name - Language code,,,,,,,,,,,,,,,262,,
Original col - Phone - Number,,,Vendor Place ID,,,name - Name,,,,,,,,,,,,,,,263,,
Original col - All-Year-Round Hours - Description,,,VIP ID (Site Code),,,url - Badge,,,,,,,,,,,,,,,264,,
Original col - All-Year-Round Hours - Period,,,Created,,,url - Badge - hover text,,,,,,,,,,,,,,,265,,
Original col - All-Year-Round Hours - Presence Type,,,Updated,,,url - Type,,,,,,,,,,,,,,,266,,
Original col - All-Year-Round Hours - Hours,,,Creator,,,url - URL,,,,,,,,,,,,,,,267,,
Original col - Hours Suppression Override,,,Supercluster,,,phone - Badge,,,,,,,,,,,,,,,268,,
Original col - Special Hours - Description,,,Related,,,phone - Badge - hover text,,,,,,,,,,,,,,,269,,
Original col - Special Hours - Period,,,Ignored,,,phone - Type,,,,,,,,,,,,,,,270,,
Original col - Special Hours - Presence Type,,,Brand - Country,,,phone - Number,,,,,,,,,,,,,,,271,,
Original col - Special Hours - Hours,,,Brand,,,show in client - Badge,,,,,,,,,,,,,,,272,,
Original col - Category - Name,,,Brand - Badge,,,show in client - Badge - hover text,,,,,,,,,,,,,,,273,,
Original col - Category - Path,,,Brand - Badge - hover text,,,show in client - Type,,,,,,,,,,,,,,,274,,
Original col - Optional Category - Name,,,ML Brand - Country,,,show in client- Status,,,,,,,,,,,,,,,275,,
Original col - Optional Category - Path,,,ML Brand,,,show in client - Date,,,,,,,,,,,,,,,276,,
Original col - Modern Category - Name,,,ML Brand - Badge,,,blessed - Badge,,,,,,,,,,,,,,,277,,
Original col - Modern Category - Path,,,ML Brand - Badge - hover text,,,blessed,,,,,,,,,,,,,,,278,,
Original col - Optional Modern Category - Name,,,Name - Language code,,,virtual - Badge,,,,,,,,,,,,,,,279,,
Original col - Optional Modern Category - Path,,,Name - Name,,,virtual,,,,,,,,,,,,,,,280,,
Original col - Included Parent,,,Name - Badge,,,disputed territory - Badge,,,,,,,,,,,,,,,281,,
Original col - Excluded Parent,,,Name - Badge - hover text,,,disputed territory,,,,,,,,,,,,,,,282,,
Original col - Good-to-know Tag - Name,,,Place Claim,,,china suppressed - Badge,,,,,,,,,,,,,,,283,,
Original col - Good-to-know Tag - Path,,,Place Claim - Badge,,,china suppressed,,,,,,,,,,,,,,,284,,
Original col - Good-to-know Value - Name,,,Vendor Place Cascading,,,tier one feature - Badge,,,,,,,,,,,,,,,285,,
Original col - Good-to-know Value - Path,,,Vendor Place Cascading - Badge,,,tier one feature,,,,,,,,,,,,,,,286,,
Original col - Associated App,,,Delegation,,,geocode - Badge,,,,,,,,,,,,,,,287,,
Original col - Ev Charging Site,,,Delegation - Badge,,,geocode - Badge - hover text,,,,,,,,,,,,,,,288,,
Original col - Content Ownership,,,Containment Display Name,,,geocode - Type,,,,,,,,,,,,,,,289,,
Original col - Is Virtual,,,Containment Display Name - Badge,,,geocode,,,,,,,,,,,,,,,290,,
Original col - Flyover Tour ID,,,Curated Containment String,,,clustering geocode - Badge,,,,,,,,,,,,,,,291,,
Original col - Fixed Location,,,Curated Containment String - Badge,,,clustering geocode,,,,,,,,,,,,,,,292,,
Original col - Placecard Message,,,Placecard Message,,,vendor geocode - Badge,,,,,,,,,,,,,,,293,,
Original col - Special Message,,,Placecard Message - Badge,,,vendor geocode,,,,,,,,,,,,,,,294,,
Original col - Suppressed Placecard Message Type,,,URL - Type,,,category - Badge,,,,,,,,,,,,,,,295,,
Original col - Search Keyword,,,URL - URL,,,category - Badge - hover text,,,,,,,,,,,,,,,296,,
Original col - Icon Min Zoom,,,URL - Badge,,,category - Name,,,,,,,,,,,,,,,297,,
Original col - Icon Max Zoom,,,URL - Badge - hover text,,,category - Path,,,,,,,,,,,,,,,298,,
Original col - Place Class,,,Phone - Type,,,relationship - Badge,,,,,,,,,,,,,,,299,,
Original col - POI Class Icon Min Zoom,,,Phone - Number,,,relationship,,,,,,,,,,,,,,,300,,
Original col - POI Class Icon Max Zoom,,,Phone - Badge,,,address - Badge,,,,,,,,,,,,,,,301,,
Original col - Show Tint Band,,,Phone - Badge - hover text,,,address - Badge - hover text,,,,,,,,,,,,,,,302,,
Original col - Tint Band Audience Visibility,,,Show In Client - Type,,,address - Language Code,,,,,,,,,,,,,,,303,,
Original col - Is Suppressed,,,Show In Client - Status,,,address - formatted,,,,,,,,,,,,,,,304,,
Original col - Locale List Use,,,Show In Client - Date,,,address - structured - full thoroughfare,,,,,,,,,,,,,,,305,,
Original col - Preferred Containing Feature,,,Show In Client - Badge,,,address - structured - thoroughfare,,,,,,,,,,,,,,,306,,
Original col - Preferred Containing Feature,,,Show In Client - Badge - hover text,,,address - structured - sub-thoroughfare,,,,,,,,,,,,,,,307,,
Original col - Is Active,,,Blessed,,,address - structured - locality,,,,,,,,,,,,,,,308,,
Original col - Conflation Status,,,Blessed - Badge,,,address - structured - dependent locality,,,,,,,,,,,,,,,309,,
Original col - Vendor Contributions,,,Virtual,,,address - structured - admin area,,,,,,,,,,,,,,,310,,
Original col - Standard Icon ID,,,Virtual - Badge,,,address - structured - admin area code,,,,,,,,,,,,,,,311,,
Original col - Standard Icon ID Override,,,Disputed Territory,,,address - structured - sub-admin area,,,,,,,,,,,,,,,312,,
Original col - Custom 2d Icon ID,,,Disputed Territory - Badge,,,address - structured - post code,,,,,,,,,,,,,,,313,,
Original col - Logo Reference,,,China Suppressed,,,address - structured - sub-premise,,,,,,,,,,,,,,,314,,
Original col - Importance Flags,,,China Suppressed - Badge,,,address - structured - country,,,,,,,,,,,,,,,315,,
Original col - Special Functionality Override,,,Tier One Feature,,,address - structured - country code,,,,,,,,,,,,,,,316,,
Original col - Significance,,,Tier One Feature - Badge,,,address - structured - areas of interest,,,,,,,,,,,,,,,317,,
Original col - Significance Source,,,Geocode - Type,,,access point - Badge,,,,,,,,,,,,,,,318,,
Original col - Indoor Audience Visibility,,,Geocode,,,access point - Badge - hover text,,,,,,,,,,,,,,,319,,
Original col - Indoor Attributes,,,Geocode - Badge,,,access point - Location,,,,,,,,,,,,,,,320,,
Original col - Action Link,,,Geocode - Badge - hover text,,,access point - Type,,,,,,,,,,,,,,,321,,
Editor Edits col - ALL MODIFIED ONLY,,,Enhanced Placement - Source,,,map region - Badge,,,,,,,,,,,,,,,322,,
Editor Edits col - Proposed Changes ONLY,,,Enhanced Placement - Location,,,map region - Badge - hover text,,,,,,,,,,,,,,,323,,
Editor Edits col - Editing Status Info,,,Enhanced Placement - Aziumuth,,,map region,,,,,,,,,,,,,,,324,,
Editor Edits col - Closures - Status,,,Enhanced Placement - Neutron Building ID,,,display map region - Badge,,,,,,,,,,,,,,,325,,
Editor Edits col - Closures - Period,,,Enhanced Placement - Neutron Building Area,,,display map region - Badge - hover text,,,,,,,,,,,,,,,326,,
Editor Edits col - Brand - Country,,,Enhanced Placement - Badge,,,display map region,,,,,,,,,,,,,,,327,,
Editor Edits col - Brand - Name,,,Clustering Geocode,,,hours - Badge,,,,,,,,,,,,,,,328,,
Editor Edits col - Brand - Link,,,Clustering Geocode - Badge,,,hours - Badge - hover text,,,,,,,,,,,,,,,329,,
Editor Edits col - Name - Type,,,Questionnaire,,,hours,,,,,,,,,,,,,,,330,,
Editor Edits col - Name - Name,,,Questionnaire - Badge,,,special hours - Badge,,,,,,,,,,,,,,,331,,
Editor Edits col - Name - Language,,,Apple Rich Data Override,,,special hours - Badge - hover text,,,,,,,,,,,,,,,332,,
Editor Edits col - URL - Type,,,Apple Rich Data Override - Badge,,,special hours,,,,,,,,,,,,,,,333,,
Editor Edits col - URL - URL,,,Curated POI Parents,,,curated service details - Badge,,,,,,,,,,,,,,,334,,
Editor Edits col - URL - Rank,,,Curated POI Parents - Badge,,,curated service details,,,,,,,,,,,,,,,335,,
Editor Edits col - Address - Rank,,,Computed POI Parents,,,curated service details - Badge,,,,,,,,,,,,,,,336,,
Editor Edits col - Address - Locale,,,Computed POI Parents - Badge,,,curated service details,,,,,,,,,,,,,,,337,,
Editor Edits col - Address - Raw Address,,,Curated Spatial Parents,,,timezone - Badge,,,,,,,,,,,,,,,338,,
Editor Edits col - Address - Address Component - Full Thoroughfare,,,Curated Spatial Parents - Badge,,,timezone,,,,,,,,,,,,,,,339,,
Editor Edits col - Address - Address Component - Thoroughfare,,,Computed Spatial Parents,,,flyover tour id - Badge,,,,,,,,,,,,,,,340,,
Editor Edits col - Address - Address Component - Sub Thoroughfare,,,Computed Spatial Parents - Badge,,,flyover tour id,,,,,,,,,,,,,,,341,,
Editor Edits col - Address - Address Component - Locality,,,Curated Spatial Parents Only,,,neutron feature id - Badge,,,,,,,,,,,,,,,342,,
Editor Edits col - Address - Address Component - Sub Locality,,,Curated Spatial Parents Only - Badge,,,neutron feature id,,,,,,,,,,,,,,,343,,
Editor Edits col - Address - Address Component - Dependent Locality,,,Category - Name,,,poi icon type - Badge,,,,,,,,,,,,,,,344,,
Editor Edits col - Address - Address Component - Administrative Area,,,Category - Path,,,poi icon type,,,,,,,,,,,,,,,345,,
Editor Edits col - Address - Address Component - Administrative Area - Abbreviation,,,Category - Badge,,,icon custom id - Badge,,,,,,,,,,,,,,,346,,
Editor Edits col - Address - Address Component - Sub Administrative Area,,,Modern Category - Name,,,icon custom id,,,,,,,,,,,,,,,347,,
Editor Edits col - Address - Address Component - Post Code,,,Modern Category - Path,,,poi icon suppressed - Badge,,,,,,,,,,,,,,,348,,
Editor Edits col - Address - Address Component - Post Code Extension,,,Modern Category - Badge,,,poi icon suppressed - Badge - hover text,,,,,,,,,,,,,,,349,,
Editor Edits col - Address - Address Component - Premise,,,Modern Category - Badge - hover text,,,poi icon suppressed,,,,,,,,,,,,,,,350,,
Editor Edits col - Address - Address Component - Sub Premise - Type,,,Address - Language Code,,,aoi style - Badge,,,,,,,,,,,,,,,351,,
Editor Edits col - Address - Address Component - Sub Premise - Unit,,,Address - Formatted Address,,,aoi style,,,,,,,,,,,,,,,352,,
Editor Edits col - Address - Address Component - Country,,,Address - Country,,,area deg sq - Badge,,,,,,,,,,,,,,,353,,
Editor Edits col - Address - Address Component - Country - Abbreviation,,,Address - Badge,,,area deg sq,,,,,,,,,,,,,,,354,,
Editor Edits col - Address - Address Component - Area Of Interest,,,Address - Badge - hover text,,,icon min zoom - Badge,,,,,,,,,,,,,,,355,,
Editor Edits col - Address - Address Component - Inland Water,,,Copy Container Address,,,icon min zoom,,,,,,,,,,,,,,,356,,
Editor Edits col - Address - Address Component - Ocean Or Ocean Connected Water,,,Copy Container Address - Badge,,,icon max zoom - Badge,,,,,,,,,,,,,,,357,,
Editor Edits col - Address - Formatted Address - Language,,,Curated Containing Features,,,icon max zoom,,,,,,,,,,,,,,,358,,
Editor Edits col - Address - Formatted Address - Size,,,Curated Containing Features - Badge,,,carto significance - Badge,,,,,,,,,,,,,,,359,,
Editor Edits col - Address - Formatted Address - phonemes,,,Imported Containing Features,,,carto significance,,,,,,,,,,,,,,,360,,
Editor Edits col - Address - Formatted Address - language,,,Curated Location Feature,,,carto label - Badge,,,,,,,,,,,,,,,361,,
Editor Edits col - Address - Formatted Address - Pronunciation Encoding,,,Curated Location Feature - Badge,,,carto label,,,,,,,,,,,,,,,362,,
Editor Edits col - Geocode,,,Imported Location Feature,,,low confidence data - Badge,,,,,,,,,,,,,,,363,,
Editor Edits col - Access Points - Type,,,Access Point - Type,,,low confidence data,,,,,,,,,,,,,,,364,,
Editor Edits col - Access Points - Location,,,Access Point - Location,,,search suppressed - Badge,,,,,,,,,,,,,,,365,,
Editor Edits col - Address Feature,,,Access Point - Source,,,search suppressed - Badge - hover text,,,,,,,,,,,,,,,366,,
Editor Edits col - Timezone,,,Access Point - Provider,,,search suppressed,,,,,,,,,,,,,,,367,,
Editor Edits col - Country Code,,,Access Point - Badge,,,associated app - Badge,,,,,,,,,,,,,,,368,,
Editor Edits col - Display Bounding Box - Min,,,Access Point - Badge - hover text,,,associated app,,,,,,,,,,,,,,,369,,
Editor Edits col - Display Bounding Box - Max,,,Map Region,,,servicing brand - Badge,,,,,,,,,,,,,,,370,,
Editor Edits col - Arrival Bounding Box - Min,,,Map Region - Badge,,,servicing brand,,,,,,,,,,,,,,,371,,
Editor Edits col - Arrival Bounding Box - Max,,,Map Region - Badge - hover text,,,vendor geometry - Badge,,,,,,,,,,,,,,,372,,
Editor Edits col - Bounding Box - Min,,,Display Map Region,,,vendor geometry,,,,,,,,,,,,,,,373,,
Editor Edits col - Bounding Box - Max,,,Display Map Region - Badge,,,moved info - Badge,,,,,,,,,,,,,,,374,,
Editor Edits col - Phone - Type,,,Display Map Region - Badge - hover text,,,moved info,,,,,,,,,,,,,,,375,,
Editor Edits col - Phone - Number,,,Hours - Period,,,message profile - Badge,,,,,,,,,,,,,,,376,,
Editor Edits col - All-Year-Round Hours - Description,,,Hours - Hours,,,message profile,,,,,,,,,,,,,,,377,,
Editor Edits col - All-Year-Round Hours - Period,,,Hours - Badge,,,logo - Badge,,,,,,,,,,,,,,,378,,
Editor Edits col - All-Year-Round Hours - Presence Type,,,Hours - Badge - hover text,,,logo,,,,,,,,,,,,,,,379,,
Editor Edits col - All-Year-Round Hours - Hours,,,General Hours Suppression Override,,,indoor - Badge,,,,,,,,,,,,,,,380,,
Editor Edits col - Hours Suppression Override,,,General Hours Suppression Override - Badge,,,indoor,,,,,,,,,,,,,,,381,,
Editor Edits col - Special Hours - Description,,,Special Hours - Period,,,indoor visibility - Badge,,,,,,,,,,,,,,,382,,
Editor Edits col - Special Hours - Period,,,Special Hours - Hours,,,indoor visibility,,,,,,,,,,,,,,,383,,
Editor Edits col - Special Hours - Presence Type,,,Special Hours - Badge,,,curated keyword - Badge,,,,,,,,,,,,,,,384,,
Editor Edits col - Special Hours - Hours,,,Special Hours - Badge - hover text,,,curated keyword,,,,,,,,,,,,,,,385,,
Editor Edits col - Category - Name,,,Curated Service Details,,,generated keyword - Badge,,,,,,,,,,,,,,,386,,
Editor Edits col - Category - Path,,,Curated Service Details - Badge,,,generated keyword,,,,,,,,,,,,,,,387,,
Editor Edits col - Optional Category - Name,,,Generated Service Details,,,storefront icon suppressed - Badge,,,,,,,,,,,,,,,388,,
Editor Edits col - Optional Category - Path,,,Generated Service Details - Badge,,,storefront icon suppressed,,,,,,,,,,,,,,,389,,
Editor Edits col - Modern Category - Name,,,Timezone,,,storefront hero suppressed - Badge,,,,,,,,,,,,,,,390,,
Editor Edits col - Modern Category - Path,,,Timezone - Badge,,,storefront hero suppressed,,,,,,,,,,,,,,,391,,
Editor Edits col - Optional Modern Category - Name,,,Flyover Tour ID,,,amenity - Badge,,,,,,,,,,,,,,,392,,
Editor Edits col - Optional Modern Category - Path,,,Flyover Tour ID - Badge,,,amenity,,,,,,,,,,,,,,,393,,
Editor Edits col - Included Parent,,,Neutron Feature Id,,,structured attribute - Badge,,,,,,,,,,,,,,,394,,
Editor Edits col - Excluded Parent,,,Neutron Feature Id - Badge,,,structured attribute - Type,,,,,,,,,,,,,,,395,,
Editor Edits col - Good-to-know Tag - Name,,,POI Icon Type,,,structured attribute - Value,,,,,,,,,,,,,,,396,,
Editor Edits col - Good-to-know Tag - Path,,,POI Icon Type - Badge,,,dynamic module - Badge,,,,,,,,,,,,,,,397,,
Editor Edits col - Good-to-know Value - Name,,,Icon Custom ID,,,dynamic module,,,,,,,,,,,,,,,398,,
Editor Edits col - Good-to-know Value - Path,,,Icon Custom ID - Badge,,,quick link - Badge,,,,,,,,,,,,,,,399,,
Editor Edits col - Associated App,,,AOI Style,,,quick link,,,,,,,,,,,,,,,400,,
Editor Edits col - Ev Charging Site,,,AOI Style - Badge,,,placedetails json,,,,,,,,,,,,,,,401,,
Editor Edits col - Content Ownership,,,POI Class,,,vendor json,,,,,,,,,,,,,,,402,,
Editor Edits col - Is Virtual,,,POI Class - Badge,,,,,,,,,,,,,,,,,,403,,
Editor Edits col - Flyover Tour ID,,,POI Icon Suppressed,,,,,,,,,,,,,,,,,,404,,
Editor Edits col - Fixed Location,,,POI Icon Suppressed - Badge,,,,,,,,,,,,,,,,,,405,,
Editor Edits col - Placecard Message,,,POI Icon Suppressed (MM),,,,,,,,,,,,,,,,,,406,,
Editor Edits col - Special Message,,,POI Icon Suppressed (MM) - Badge,,,,,,,,,,,,,,,,,,407,,
Editor Edits col - Suppressed Placecard Message Type,,,POI Class Min Zoom,,,,,,,,,,,,,,,,,,408,,
Editor Edits col - Search Keyword,,,POI Class Min Zoom - Badge,,,,,,,,,,,,,,,,,,409,,
Editor Edits col - Icon Min Zoom,,,POI Class Max Zoom,,,,,,,,,,,,,,,,,,410,,
Editor Edits col - Icon Max Zoom,,,POI Class Max Zoom - Badge,,,,,,,,,,,,,,,,,,411,,
Editor Edits col - Place Class,,,Icon Min Zoom,,,,,,,,,,,,,,,,,,412,,
Editor Edits col - POI Class Icon Min Zoom,,,Icon Min Zoom - Badge,,,,,,,,,,,,,,,,,,413,,
Editor Edits col - POI Class Icon Max Zoom,,,Icon Max Zoom,,,,,,,,,,,,,,,,,,414,,
Editor Edits col - Show Tint Band,,,Icon Max Zoom - Badge,,,,,,,,,,,,,,,,,,415,,
Editor Edits col - Tint Band Audience Visibility,,,Carto Significance,,,,,,,,,,,,,,,,,,416,,
Editor Edits col - Is Suppressed,,,Carto Significance - Badge,,,,,,,,,,,,,,,,,,417,,
Editor Edits col - Locale List Use,,,Carto Label,,,,,,,,,,,,,,,,,,418,,
Editor Edits col - Preferred Containing Feature,,,Carto Label - Badge,,,,,,,,,,,,,,,,,,419,,
Editor Edits col - Preferred Containing Feature,,,Low Confidence Data,,,,,,,,,,,,,,,,,,420,,
Editor Edits col - Is Active,,,Low Confidence Data - Badge,,,,,,,,,,,,,,,,,,421,,
Editor Edits col - Conflation Status,,,Search Suppressed,,,,,,,,,,,,,,,,,,422,,
Editor Edits col - Vendor Contributions,,,Search Suppressed - Badge,,,,,,,,,,,,,,,,,,423,,
Editor Edits col - Standard Icon ID,,,Suppressed EveryWhere,,,,,,,,,,,,,,,,,,424,,
Editor Edits col - Standard Icon ID Override,,,Suppressed EveryWhere - Badge,,,,,,,,,,,,,,,,,,425,,
Editor Edits col - Custom 2d Icon ID,,,Associated App,,,,,,,,,,,,,,,,,,426,,
Editor Edits col - Logo Reference,,,Associated App - Badge,,,,,,,,,,,,,,,,,,427,,
Editor Edits col - Importance Flags,,,Servicing Brand,,,,,,,,,,,,,,,,,,428,,
Editor Edits col - Special Functionality Override,,,Servicing Brand - Badge,,,,,,,,,,,,,,,,,,429,,
Editor Edits col - Significance,,,Vendor Geometry,,,,,,,,,,,,,,,,,,430,,
Editor Edits col - Significance Source,,,Vendor Geometry - Badge,,,,,,,,,,,,,,,,,,431,,
Editor Edits col - Indoor Audience Visibility,,,Venue Geometry,,,,,,,,,,,,,,,,,,432,,
Editor Edits col - Indoor Attributes,,,Venue Geometry - Badge,,,,,,,,,,,,,,,,,,433,,
Editor Edits col - Action Link,,,Containment Geometry,,,,,,,,,,,,,,,,,,434,,
Proposed col - Editing Status Info,,,Containment Geometry - Badge,,,,,,,,,,,,,,,,,,435,,
Proposed col - Closures - Status,,,Message Profile,,,,,,,,,,,,,,,,,,436,,
Proposed col - Closures - Period,,,Message Profile - Badge,,,,,,,,,,,,,,,,,,437,,
Proposed col - Closures - Action,,,Logo,,,,,,,,,,,,,,,,,,438,,
Proposed col - Brand - Country,,,Logo - Badge,,,,,,,,,,,,,,,,,,439,,
Proposed col - Brand - Name,,,Cover Photo,,,,,,,,,,,,,,,,,,440,,
Proposed col - Brand - Link,,,Cover Photo - Badge,,,,,,,,,,,,,,,,,,441,,
Proposed col - Name - Type,,,Indoor,,,,,,,,,,,,,,,,,,442,,
Proposed col - Name - Name,,,Indoor - Badge,,,,,,,,,,,,,,,,,,443,,
Proposed col - Name - Language,,,Indoor Visibility,,,,,,,,,,,,,,,,,,444,,
Proposed col - Name - Action,,,Indoor Visibility - Badge,,,,,,,,,,,,,,,,,,445,,
Proposed col - URL - Type,,,Curated Keyword,,,,,,,,,,,,,,,,,,446,,
Proposed col - URL - URL,,,Generated Keyword,,,,,,,,,,,,,,,,,,447,,
Proposed col - URL - Rank,,,Generated Containment Keyword,,,,,,,,,,,,,,,,,,448,,
Proposed col - URL - Action,,,Amenity,,,,,,,,,,,,,,,,,,449,,
Proposed col - Address - Rank,,,Amenity - Badge,,,,,,,,,,,,,,,,,,450,,
Proposed col - Address - Locale,,,Structured Attribute,,,,,,,,,,,,,,,,,,451,,
Proposed col - Address - Raw Address,,,Dynamic Module,,,,,,,,,,,,,,,,,,452,,
Proposed col - Address - Address Component - Full Thoroughfare,,,Dynamic Module - Badge,,,,,,,,,,,,,,,,,,453,,
Proposed col - Address - Address Component - Thoroughfare,,,Quick Link Action,,,,,,,,,,,,,,,,,,454,,
Proposed col - Address - Address Component - Sub Thoroughfare,,,Quick Link Action - Badge,,,,,,,,,,,,,,,,,,455,,
Proposed col - Address - Address Component - Locality,,,App Clip Action,,,,,,,,,,,,,,,,,,456,,
Proposed col - Address - Address Component - Sub Locality,,,App Clip Action - Badge,,,,,,,,,,,,,,,,,,457,,
Proposed col - Address - Address Component - Dependent Locality,,,Primary Action,,,,,,,,,,,,,,,,,,458,,
Proposed col - Address - Address Component - Administrative Area,,,Primary Action - Badge,,,,,,,,,,,,,,,,,,459,,
Proposed col - Address - Address Component - Administrative Area - Abbreviation,,,Business Advisories,,,,,,,,,,,,,,,,,,460,,
Proposed col - Address - Address Component - Sub Administrative Area,,,Business Advisories - Badge,,,,,,,,,,,,,,,,,,461,,
Proposed col - Address - Address Component - Post Code,,,Business Owner,,,,,,,,,,,,,,,,,,462,,
Proposed col - Address - Address Component - Post Code Extension,,,Business Owner - Badge,,,,,,,,,,,,,,,,,,463,,
Proposed col - Address - Address Component - Premise,,,Business Attribute,,,,,,,,,,,,,,,,,,464,,
Proposed col - Address - Address Component - Sub Premise - Type,,,Business Attribute - Badge,,,,,,,,,,,,,,,,,,465,,
Proposed col - Address - Address Component - Sub Premise - Unit,,,Unit Facts,,,,,,,,,,,,,,,,,,466,,
Proposed col - Address - Address Component - Country,,,Unit Facts - Badge,,,,,,,,,,,,,,,,,,467,,
Proposed col - Address - Address Component - Country - Abbreviation,,,Alternate MUIDs,,,,,,,,,,,,,,,,,,468,,
Proposed col - Address - Address Component - Area Of Interest,,,Alternate MUIDs - Badge,,,,,,,,,,,,,,,,,,469,,
Proposed col - Address - Address Component - Inland Water,,,RP Identifier,,,,,,,,,,,,,,,,,,470,,
Proposed col - Address - Address Component - Ocean Or Ocean Connected Water,,,RP Identifier - Badge,,,,,,,,,,,,,,,,,,471,,
Proposed col - Address - Formatted Address - Language,,,Is Unclaimable,,,,,,,,,,,,,,,,,,472,,
Proposed col - Address - Formatted Address - Size,,,Is Unclaimable - Badge,,,,,,,,,,,,,,,,,,473,,
Proposed col - Address - Formatted Address - phonemes,,,Associated Trail,,,,,,,,,,,,,,,,,,474,,
Proposed col - Address - Formatted Address - language,,,Associated Trail - Badge,,,,,,,,,,,,,,,,,,475,,
Proposed col - Address - Formatted Address - Pronunciation Encoding,,,Associated Tour,,,,,,,,,,,,,,,,,,476,,
Proposed col - Address - Action,,,Associated Tour - Badge,,,,,,,,,,,,,,,,,,477,,
Proposed col - Geocode,,,Related From by Aggregation,,,,,,,,,,,,,,,,,,478,,
Proposed col - Geocode - Action,,,Related From by Aggregation - Badge,,,,,,,,,,,,,,,,,,479,,
Proposed col - Access Points - Type,,,Related Place,,,,,,,,,,,,,,,,,,480,,
Proposed col - Access Points - Location,,,Related Place - Badge,,,,,,,,,,,,,,,,,,481,,
Proposed col - Address Feature,,,Related From,,,,,,,,,,,,,,,,,,482,,
Proposed col - Timezone,,,Related From - Badge,,,,,,,,,,,,,,,,,,483,,
Proposed col - Country Code,,,Overlapping Feature,,,,,,,,,,,,,,,,,,484,,
Proposed col - Display Bounding Box - Min,,,Overlapping Feature - Badge,,,,,,,,,,,,,,,,,,485,,
Proposed col - Display Bounding Box - Max,,,Aggregated Related Place,,,,,,,,,,,,,,,,,,486,,
Proposed col - Arrival Bounding Box - Min,,,Aggregated Related Place - Badge,,,,,,,,,,,,,,,,,,487,,
Proposed col - Arrival Bounding Box - Max,,,Primary For Building Mesh,,,,,,,,,,,,,,,,,,488,,
Proposed col - Bounding Box - Min,,,Primary For Building Mesh - Badge,,,,,,,,,,,,,,,,,,489,,
Proposed col - Bounding Box - Max,,,Tint Band Override,,,,,,,,,,,,,,,,,,490,,
Proposed col - Phone - Type,,,Tint Band Override - Badge,,,,,,,,,,,,,,,,,,491,,
Proposed col - Phone - Number,,,Indigenous Lands Acknowledgement,,,,,,,,,,,,,,,,,,492,,
Proposed col - Phone - Action,,,Indigenous Lands Acknowledgement - Badge,,,,,,,,,,,,,,,,,,493,,
Proposed col - All-Year-Round Hours - Description,,,Service Area,,,,,,,,,,,,,,,,,,494,,
Proposed col - All-Year-Round Hours - Period,,,Service Area - Badge,,,,,,,,,,,,,,,,,,495,,
Proposed col - All-Year-Round Hours - Presence Type,,,PlaceDetails JSON,,,,,,,,,,,,,,,,,,496,,
Proposed col - All-Year-Round Hours - Hours,,,Vendor JSON,,,,,,,,,,,,,,,,,,497,,
Proposed col - All-Year-Round Hours - Action,,,,,,,,,,,,,,,,,,,,,498,,
Proposed col - Hours Suppression Override,,,,,,,,,,,,,,,,,,,,,499,,
Proposed col - Special Hours - Description,,,,,,,,,,,,,,,,,,,,,500,,
Proposed col - Special Hours - Period,,,,,,,,,,,,,,,,,,,,,501,,
Proposed col - Special Hours - Presence Type,,,,,,,,,,,,,,,,,,,,,502,,
Proposed col - Special Hours - Hours,,,,,,,,,,,,,,,,,,,,,503,,
Proposed col - Special Hours - Action,,,,,,,,,,,,,,,,,,,,,504,,
Proposed col - Category - Name,,,,,,,,,,,,,,,,,,,,,505,,
Proposed col - Category - Path,,,,,,,,,,,,,,,,,,,,,506,,
Proposed col - Optional Category - Name,,,,,,,,,,,,,,,,,,,,,507,,
Proposed col - Optional Category - Path,,,,,,,,,,,,,,,,,,,,,508,,
Proposed col - Modern Category - Name,,,,,,,,,,,,,,,,,,,,,509,,
Proposed col - Modern Category - Path,,,,,,,,,,,,,,,,,,,,,510,,
Proposed col - Modern Category - Action,,,,,,,,,,,,,,,,,,,,,511,,
Proposed col - Optional Modern Category - Name,,,,,,,,,,,,,,,,,,,,,512,,
Proposed col - Optional Modern Category - Path,,,,,,,,,,,,,,,,,,,,,513,,
Proposed col - Included Parent,,,,,,,,,,,,,,,,,,,,,514,,
Proposed col - Excluded Parent,,,,,,,,,,,,,,,,,,,,,515,,
Proposed col - Good-to-know Tag - Name,,,,,,,,,,,,,,,,,,,,,516,,
Proposed col - Good-to-know Tag - Path,,,,,,,,,,,,,,,,,,,,,517,,
Proposed col - Good-to-know Value - Name,,,,,,,,,,,,,,,,,,,,,518,,
Proposed col - Good-to-know Value - Path,,,,,,,,,,,,,,,,,,,,,519,,
Proposed col - Associated App,,,,,,,,,,,,,,,,,,,,,520,,
Proposed col - Ev Charging Site,,,,,,,,,,,,,,,,,,,,,521,,
Proposed col - Content Ownership,,,,,,,,,,,,,,,,,,,,,522,,
Proposed col - Is Virtual,,,,,,,,,,,,,,,,,,,,,523,,
Proposed col - Flyover Tour ID,,,,,,,,,,,,,,,,,,,,,524,,
Proposed col - Fixed Location,,,,,,,,,,,,,,,,,,,,,525,,
Proposed col - Placecard Message,,,,,,,,,,,,,,,,,,,,,526,,
Proposed col - Special Message,,,,,,,,,,,,,,,,,,,,,527,,
Proposed col - Suppressed Placecard Message Type,,,,,,,,,,,,,,,,,,,,,528,,
Proposed col - Search Keyword,,,,,,,,,,,,,,,,,,,,,529,,
Proposed col - Icon Min Zoom,,,,,,,,,,,,,,,,,,,,,530,,
Proposed col - Icon Max Zoom,,,,,,,,,,,,,,,,,,,,,531,,
Proposed col - Place Class,,,,,,,,,,,,,,,,,,,,,532,,
Proposed col - POI Class Icon Min Zoom,,,,,,,,,,,,,,,,,,,,,533,,
Proposed col - POI Class Icon Max Zoom,,,,,,,,,,,,,,,,,,,,,534,,
Proposed col - Show Tint Band,,,,,,,,,,,,,,,,,,,,,535,,
Proposed col - Tint Band Audience Visibility,,,,,,,,,,,,,,,,,,,,,536,,
Proposed col - Is Suppressed,,,,,,,,,,,,,,,,,,,,,537,,
Proposed col - Locale List Use,,,,,,,,,,,,,,,,,,,,,538,,
Proposed col - Preferred Containing Feature,,,,,,,,,,,,,,,,,,,,,539,,
Proposed col - Preferred Containing Feature,,,,,,,,,,,,,,,,,,,,,540,,
Proposed col - Is Active,,,,,,,,,,,,,,,,,,,,,541,,
Proposed col - Conflation Status,,,,,,,,,,,,,,,,,,,,,542,,
Proposed col - Vendor Contributions,,,,,,,,,,,,,,,,,,,,,543,,
Proposed col - Standard Icon ID,,,,,,,,,,,,,,,,,,,,,544,,
Proposed col - Standard Icon ID Override,,,,,,,,,,,,,,,,,,,,,545,,
Proposed col - Custom 2d Icon ID,,,,,,,,,,,,,,,,,,,,,546,,
Proposed col - Logo Reference,,,,,,,,,,,,,,,,,,,,,547,,
Proposed col - Importance Flags,,,,,,,,,,,,,,,,,,,,,548,,
Proposed col - Special Functionality Override,,,,,,,,,,,,,,,,,,,,,549,,
Proposed col - Significance,,,,,,,,,,,,,,,,,,,,,550,,
Proposed col - Significance Source,,,,,,,,,,,,,,,,,,,,,551,,
Proposed col - Indoor Audience Visibility,,,,,,,,,,,,,,,,,,,,,552,,
Proposed col - Indoor Attributes,,,,,,,,,,,,,,,,,,,,,553,,
Proposed col - Action Link,,,,,,,,,,,,,,,,,,,,,554,,
Anything from QC Errors col?,,,,,,,,,,,,,,,,,,,,,555,,
